ID,Index,Questions,Models,Users,Notes,Category,Stage,Stage_minor,Sentences
7,1,"I have prediabetes, what are your recommendations on diet?",ChatGpt 4o,2,,1,1,1,"For prediabetes, managing blood sugar levels and preventing progression to diabetes is key."
7,1,"I have prediabetes, what are your recommendations on diet?",ChatGpt 4o,2,,1,1,1,Focus on Low Glycemic Index (GI) Foods
7,1,"I have prediabetes, what are your recommendations on diet?",ChatGpt 4o,2,,1,1,1,"•Choose complex carbohydrates: Whole grains like oats, barley, and quinoa are preferable to refined carbs (e.g., white bread and pastries)."
7,1,"I have prediabetes, what are your recommendations on diet?",ChatGpt 4o,2,,1,1,1,"•Include more fiber: Fiber slows sugar absorption, which can stabilize blood sugar."
7,1,"I have prediabetes, what are your recommendations on diet?",ChatGpt 4o,2,,1,1,1,"Foods high in fiber include vegetables, fruits (especially with the skin), beans, and whole grains."
7,1,"I have prediabetes, what are your recommendations on diet?",ChatGpt 4o,2,,1,1,1,Limit Added Sugars and Refined Carbs
7,1,"I have prediabetes, what are your recommendations on diet?",ChatGpt 4o,2,,1,1,1,"•Avoid sugary drinks, candies, and processed snacks."
7,1,"I have prediabetes, what are your recommendations on diet?",ChatGpt 4o,2,,1,1,1,"•Swap high-sugar foods for naturally sweet options like berries, which have less impact on blood sugar."
7,1,"I have prediabetes, what are your recommendations on diet?",ChatGpt 4o,2,,1,1,1,•Read food labels to keep added sugars to a minimum.
7,1,"I have prediabetes, what are your recommendations on diet?",ChatGpt 4o,2,,1,1,1,"•Include sources of healthy fats, such as avocados, nuts, seeds, and olive oil, which can help improve insulin sensitivity."
7,1,"I have prediabetes, what are your recommendations on diet?",ChatGpt 4o,2,,1,1,1,"•Be mindful of portion sizes, as fats are calorie-dense."
7,1,"I have prediabetes, what are your recommendations on diet?",ChatGpt 4o,2,,1,1,1,Eat Balanced Meals with Protein
7,1,"I have prediabetes, what are your recommendations on diet?",ChatGpt 4o,2,,1,1,1,"•Protein slows the absorption of carbohydrates, helping to stabilize blood sugar."
7,1,"I have prediabetes, what are your recommendations on diet?",ChatGpt 4o,2,,1,1,1,"Include lean proteins such as chicken, fish, tofu, and legumes in meals."
7,1,"I have prediabetes, what are your recommendations on diet?",ChatGpt 4o,2,,1,1,1,"•Try to balance meals by including protein, healthy fats, and fiber-rich carbs."
7,1,"I have prediabetes, what are your recommendations on diet?",ChatGpt 4o,2,,1,1,1,•Keeping portions moderate can help manage weight and prevent blood sugar spikes.
7,1,"I have prediabetes, what are your recommendations on diet?",ChatGpt 4o,2,,1,1,1,Using smaller plates and measuring portions can help.
7,1,"I have prediabetes, what are your recommendations on diet?",ChatGpt 4o,2,,1,1,1,Stay Consistent with Meal Timing
7,1,"I have prediabetes, what are your recommendations on diet?",ChatGpt 4o,2,,1,1,1,•Eating meals and snacks at regular intervals helps keep blood sugar levels stable.
7,1,"I have prediabetes, what are your recommendations on diet?",ChatGpt 4o,2,,1,1,1,"Avoid skipping meals, which can lead to large swings in blood sugar."
7,1,"I have prediabetes, what are your recommendations on diet?",ChatGpt 4o,2,,1,1,1,•Water is the best choice.
7,1,"I have prediabetes, what are your recommendations on diet?",ChatGpt 4o,2,,1,1,1,"Aim to minimize sugary beverages, and be cautious with fruit juices, as they can cause rapid blood sugar spikes."
7,1,"I have prediabetes, what are your recommendations on diet?",ChatGpt 4o,2,,1,1,1,•Alcohol can interfere with blood sugar levels and insulin sensitivity.
7,1,"I have prediabetes, what are your recommendations on diet?",ChatGpt 4o,2,,1,1,1,Moderate consumption (no more than one drink per day for women and two for men) is advisable.
7,1,"I have prediabetes, what are your recommendations on diet?",ChatGpt 4o,2,,1,1,1,Include Plenty of Non-Starchy Vegetables
7,1,"I have prediabetes, what are your recommendations on diet?",ChatGpt 4o,2,,1,1,1,"•Vegetables like leafy greens, peppers, broccoli, and cauliflower are high in fiber and low in calories, helping to maintain blood sugar control and support overall health."
7,1,"I have prediabetes, what are your recommendations on diet?",ChatGpt 4o,2,,1,1,1,Consider Working with a Dietitian
7,1,"I have prediabetes, what are your recommendations on diet?",ChatGpt 4o,2,,1,1,1,"•A registered dietitian, especially one who specializes in diabetes or prediabetes, can help create a personalized meal plan that fits your needs and goals."
7,1,"I have prediabetes, what are your recommendations on diet?",ChatGpt 4o,2,,1,1,1,Combining these dietary changes with regular physical activity can significantly improve blood sugar control and reduce the risk of progressing to type 2 diabetes.
18,2,"I have prediabetes, what are your recommendations on physical activity / exercise?",ChatGpt 4o,2,,4,1,1,"For managing prediabetes, regular physical activity is a key part of preventing progression to Type 2 diabetes."
18,2,"I have prediabetes, what are your recommendations on physical activity / exercise?",ChatGpt 4o,2,,4,1,1,Focus on Aerobic Exercise
18,2,"I have prediabetes, what are your recommendations on physical activity / exercise?",ChatGpt 4o,2,,4,1,1,"•Goal: Aim for at least 150 minutes of moderate aerobic activity each week, such as brisk walking, cycling, swimming, or dancing."
18,2,"I have prediabetes, what are your recommendations on physical activity / exercise?",ChatGpt 4o,2,,4,1,1,Breaking this down to 30 minutes on most days can be effective.
18,2,"I have prediabetes, what are your recommendations on physical activity / exercise?",ChatGpt 4o,2,,4,1,1,"•Intensity: Aim for moderate intensity, where you can still talk but may not be able to sing."
18,2,"I have prediabetes, what are your recommendations on physical activity / exercise?",ChatGpt 4o,2,,4,1,1,This helps improve insulin sensitivity and overall cardiovascular health.
18,2,"I have prediabetes, what are your recommendations on physical activity / exercise?",ChatGpt 4o,2,,4,1,1,•Frequency: Include strength training exercises at least twice a week.
18,2,"I have prediabetes, what are your recommendations on physical activity / exercise?",ChatGpt 4o,2,,4,1,1,"Activities like weightlifting, bodyweight exercises (squats, push-ups), and resistance bands are beneficial."
18,2,"I have prediabetes, what are your recommendations on physical activity / exercise?",ChatGpt 4o,2,,4,1,1,"•Benefit: Strength training helps build muscle, which increases glucose uptake from the bloodstream, improving blood sugar levels and reducing insulin resistance."
18,2,"I have prediabetes, what are your recommendations on physical activity / exercise?",ChatGpt 4o,2,,4,1,1,"Add Short, High-Intensity Intervals (HIIT)"
18,2,"I have prediabetes, what are your recommendations on physical activity / exercise?",ChatGpt 4o,2,,4,1,1,"•Benefit: HIIT involves short bursts of intense activity (e.g., fast walking, jogging, or cycling) followed by recovery periods and is particularly effective in enhancing insulin sensitivity and glucose regulation."
18,2,"I have prediabetes, what are your recommendations on physical activity / exercise?",ChatGpt 4o,2,,4,1,1,"•Duration: Even 10-15 minutes of HIIT, a few times per week, can be beneficial."
18,2,"I have prediabetes, what are your recommendations on physical activity / exercise?",ChatGpt 4o,2,,4,1,1,Stay Active Throughout the Day
18,2,"I have prediabetes, what are your recommendations on physical activity / exercise?",ChatGpt 4o,2,,4,1,1,"•Light Physical Activity: Try to avoid prolonged sitting by taking short, light-intensity movement breaks every 30 minutes."
18,2,"I have prediabetes, what are your recommendations on physical activity / exercise?",ChatGpt 4o,2,,4,1,1,"Light activities like standing, stretching, or short walks are beneficial."
18,2,"I have prediabetes, what are your recommendations on physical activity / exercise?",ChatGpt 4o,2,,4,1,1,•Walking After Meals: A brief walk (10-15 minutes) after meals can help lower blood glucose levels more effectively than exercising at other times.
18,2,"I have prediabetes, what are your recommendations on physical activity / exercise?",ChatGpt 4o,2,,4,1,1,"Set Realistic, Sustainable Goals"
18,2,"I have prediabetes, what are your recommendations on physical activity / exercise?",ChatGpt 4o,2,,4,1,1,"•Start gradually if you’re new to exercise, and build up over time to prevent burnout and reduce the risk of injury."
18,2,"I have prediabetes, what are your recommendations on physical activity / exercise?",ChatGpt 4o,2,,4,1,1,•Track your activity with a journal or digital tracker to stay motivated and monitor your progress.
18,2,"I have prediabetes, what are your recommendations on physical activity / exercise?",ChatGpt 4o,2,,4,1,1,•Consistency in both aerobic and resistance training is critical for long-term blood sugar control and insulin sensitivity improvement.
18,2,"I have prediabetes, what are your recommendations on physical activity / exercise?",ChatGpt 4o,2,,4,1,1,"•Hydration: Stay hydrated, especially during aerobic activities."
18,2,"I have prediabetes, what are your recommendations on physical activity / exercise?",ChatGpt 4o,2,,4,1,1,•Warm-Up and Cool-Down: Always start with a warm-up and finish with a cool-down to help prevent injury.
18,2,"I have prediabetes, what are your recommendations on physical activity / exercise?",ChatGpt 4o,2,,4,1,1,"•Consult Your Healthcare Provider: Since prediabetes is closely linked to cardiovascular health, consult your doctor before starting a new or intense exercise program."
18,2,"I have prediabetes, what are your recommendations on physical activity / exercise?",ChatGpt 4o,2,,4,1,1,"Regular exercise, combined with a balanced diet, plays a crucial role in managing prediabetes and can significantly reduce the risk of developing Type 2 diabetes."
30,3,"I have type 2 diabetes, what are your recommendations on diet?",ChatGpt 4o,2,,1,2,2,"For managing type 2 diabetes, a well-structured diet can help regulate blood sugar, improve insulin sensitivity, and maintain overall health."
30,3,"I have type 2 diabetes, what are your recommendations on diet?",ChatGpt 4o,2,,1,2,2,Focus on Low Glycemic Index (GI) Foods
30,3,"I have type 2 diabetes, what are your recommendations on diet?",ChatGpt 4o,2,,1,2,2,"•Low-GI carbohydrates such as whole grains, oats, barley, sweet potatoes, and most fruits and vegetables help avoid spikes in blood sugar."
30,3,"I have type 2 diabetes, what are your recommendations on diet?",ChatGpt 4o,2,,1,2,2,"•Avoid high-GI foods, including white bread, white rice, and sugary snacks, which can cause rapid increases in blood sugar."
30,3,"I have type 2 diabetes, what are your recommendations on diet?",ChatGpt 4o,2,,1,2,2,"•Fiber slows digestion and glucose absorption, helping to stabilize blood sugar."
30,3,"I have type 2 diabetes, what are your recommendations on diet?",ChatGpt 4o,2,,1,2,2,"Aim for a variety of fiber sources like vegetables, whole grains, legumes, nuts, and seeds."
30,3,"I have type 2 diabetes, what are your recommendations on diet?",ChatGpt 4o,2,,1,2,2,"•Soluble fiber, found in foods like oats and legumes, is especially beneficial for blood sugar control."
30,3,"I have type 2 diabetes, what are your recommendations on diet?",ChatGpt 4o,2,,1,2,2,•Carbohydrate counting or portion control can be helpful in managing blood glucose.
30,3,"I have type 2 diabetes, what are your recommendations on diet?",ChatGpt 4o,2,,1,2,2,Consult a registered dietitian or nutritionist to understand your ideal carb intake per meal.
30,3,"I have type 2 diabetes, what are your recommendations on diet?",ChatGpt 4o,2,,1,2,2,"•A balanced plate method works well: aim for half your plate with non-starchy vegetables, a quarter with lean proteins, and the remaining quarter with complex carbs."
30,3,"I have type 2 diabetes, what are your recommendations on diet?",ChatGpt 4o,2,,1,2,2,•Protein can prevent sharp blood sugar rises and keeps you feeling full.
30,3,"I have type 2 diabetes, what are your recommendations on diet?",ChatGpt 4o,2,,1,2,2,"Good sources include fish, poultry, eggs, tofu, and low-fat dairy."
30,3,"I have type 2 diabetes, what are your recommendations on diet?",ChatGpt 4o,2,,1,2,2,"•Opt for plant-based proteins like beans, lentils, and legumes as they offer fiber along with protein, further aiding blood sugar control."
30,3,"I have type 2 diabetes, what are your recommendations on diet?",ChatGpt 4o,2,,1,2,2,Healthy Fats in Moderation
30,3,"I have type 2 diabetes, what are your recommendations on diet?",ChatGpt 4o,2,,1,2,2,"•Choose sources of unsaturated fats, like olive oil, nuts, seeds, and avocados, which can improve insulin sensitivity."
30,3,"I have type 2 diabetes, what are your recommendations on diet?",ChatGpt 4o,2,,1,2,2,"•Limit saturated fats (found in fatty cuts of meat, butter, and processed foods) and avoid trans fats."
30,3,"I have type 2 diabetes, what are your recommendations on diet?",ChatGpt 4o,2,,1,2,2,Hydration and Limiting Sugary Drinks
30,3,"I have type 2 diabetes, what are your recommendations on diet?",ChatGpt 4o,2,,1,2,2,"•Drink plenty of water throughout the day, as dehydration can affect blood sugar levels."
30,3,"I have type 2 diabetes, what are your recommendations on diet?",ChatGpt 4o,2,,1,2,2,"•Avoid sugary drinks, including soda and juice, which can cause blood sugar to spike."
30,3,"I have type 2 diabetes, what are your recommendations on diet?",ChatGpt 4o,2,,1,2,2,"Instead, opt for water, herbal teas, or sparkling water with a slice of lemon."
30,3,"I have type 2 diabetes, what are your recommendations on diet?",ChatGpt 4o,2,,1,2,2,Plan for Consistent Meal Times
30,3,"I have type 2 diabetes, what are your recommendations on diet?",ChatGpt 4o,2,,1,2,2,•Regular meal timing helps keep blood sugar levels stable.
30,3,"I have type 2 diabetes, what are your recommendations on diet?",ChatGpt 4o,2,,1,2,2,"Skipping meals may lead to overeating later, which can cause blood sugar spikes."
30,3,"I have type 2 diabetes, what are your recommendations on diet?",ChatGpt 4o,2,,1,2,2,"•Eating small, balanced meals and snacks every 3-4 hours may work best."
30,3,"I have type 2 diabetes, what are your recommendations on diet?",ChatGpt 4o,2,,1,2,2,Limit Processed Foods and Sugars
30,3,"I have type 2 diabetes, what are your recommendations on diet?",ChatGpt 4o,2,,1,2,2,•Processed foods are often high in refined sugars and unhealthy fats.
30,3,"I have type 2 diabetes, what are your recommendations on diet?",ChatGpt 4o,2,,1,2,2,Opt for whole foods whenever possible.
30,3,"I have type 2 diabetes, what are your recommendations on diet?",ChatGpt 4o,2,,1,2,2,"•Be mindful of hidden sugars in sauces, dressings, and packaged snacks; choose products labeled as low or no added sugar."
30,3,"I have type 2 diabetes, what are your recommendations on diet?",ChatGpt 4o,2,,1,2,2,"•Alcohol can interfere with blood sugar control, especially if consumed on an empty stomach."
30,3,"I have type 2 diabetes, what are your recommendations on diet?",ChatGpt 4o,2,,1,2,2,"•If you choose to drink, limit yourself to one drink per day (for women) or two drinks per day (for men), and pair alcohol with food to minimize blood sugar fluctuations."
30,3,"I have type 2 diabetes, what are your recommendations on diet?",ChatGpt 4o,2,,1,2,2,Consider Supplements if Needed
30,3,"I have type 2 diabetes, what are your recommendations on diet?",ChatGpt 4o,2,,1,2,2,"Some supplements, like magnesium or omega-3 fatty acids, may benefit blood sugar management."
30,3,"I have type 2 diabetes, what are your recommendations on diet?",ChatGpt 4o,2,,1,2,2,Always discuss with your healthcare provider before adding any supplements.
30,3,"I have type 2 diabetes, what are your recommendations on diet?",ChatGpt 4o,2,,1,2,2,"Breakfast: Oatmeal topped with berries, chia seeds, and a handful of nuts"
30,3,"I have type 2 diabetes, what are your recommendations on diet?",ChatGpt 4o,2,,1,2,2,"Lunch: Grilled chicken salad with leafy greens, cucumber, cherry tomatoes, and olive oil vinaigrette"
30,3,"I have type 2 diabetes, what are your recommendations on diet?",ChatGpt 4o,2,,1,2,2,"Dinner: Baked salmon, steamed broccoli, and a small portion of quinoa"
42,4,"I have type 2 diabetes, what are your recommendations on physical activity / exercise?",ChatGpt 4o,2,,4,2,2,"For individuals with type 2 diabetes, regular physical activity is one of the most effective lifestyle interventions for improving blood glucose control, enhancing insulin sensitivity, and promoting overall health."
42,4,"I have type 2 diabetes, what are your recommendations on physical activity / exercise?",ChatGpt 4o,2,,4,2,2,"•Frequency: Aim for at least 150 minutes per week of moderate-intensity aerobic activity, or about 30 minutes most days of the week."
42,4,"I have type 2 diabetes, what are your recommendations on physical activity / exercise?",ChatGpt 4o,2,,4,2,2,"•Intensity: Moderate-intensity activities, like brisk walking, cycling, or swimming, help increase insulin sensitivity."
42,4,"I have type 2 diabetes, what are your recommendations on physical activity / exercise?",ChatGpt 4o,2,,4,2,2,You should feel slightly out of breath but still able to talk.
42,4,"I have type 2 diabetes, what are your recommendations on physical activity / exercise?",ChatGpt 4o,2,,4,2,2,"•Consistency: Try not to go more than two consecutive days without exercising, as the effects on blood glucose control are most pronounced with consistent activity."
42,4,"I have type 2 diabetes, what are your recommendations on physical activity / exercise?",ChatGpt 4o,2,,4,2,2,•Frequency: Perform strength training at least 2-3 times per week.
42,4,"I have type 2 diabetes, what are your recommendations on physical activity / exercise?",ChatGpt 4o,2,,4,2,2,"•Types of Exercises: Focus on major muscle groups (legs, arms, back, chest) using weights, resistance bands, or bodyweight exercises like squats, lunges, and push-ups."
42,4,"I have type 2 diabetes, what are your recommendations on physical activity / exercise?",ChatGpt 4o,2,,4,2,2,"•Benefits: Strength training can improve insulin sensitivity, build muscle mass, and support weight management, all of which contribute to better glucose regulation."
42,4,"I have type 2 diabetes, what are your recommendations on physical activity / exercise?",ChatGpt 4o,2,,4,2,2,Flexibility and Balance Exercises
42,4,"I have type 2 diabetes, what are your recommendations on physical activity / exercise?",ChatGpt 4o,2,,4,2,2,"•Types: Include activities such as stretching, yoga, or tai chi."
42,4,"I have type 2 diabetes, what are your recommendations on physical activity / exercise?",ChatGpt 4o,2,,4,2,2,"•Benefits: While these exercises don’t directly impact blood glucose, they improve flexibility and balance, reducing the risk of falls and improving mobility."
42,4,"I have type 2 diabetes, what are your recommendations on physical activity / exercise?",ChatGpt 4o,2,,4,2,2,"•Break Up Long Sitting Periods: Aim to stand up or do a few minutes of light activity, such as walking or stretching, every 30 minutes, especially if you have a sedentary job or lifestyle."
42,4,"I have type 2 diabetes, what are your recommendations on physical activity / exercise?",ChatGpt 4o,2,,4,2,2,This can help reduce post-meal glucose spikes.
42,4,"I have type 2 diabetes, what are your recommendations on physical activity / exercise?",ChatGpt 4o,2,,4,2,2,"•Monitor Blood Glucose: If you’re on medications, check your blood glucose levels before and after exercise, especially when starting a new regimen."
42,4,"I have type 2 diabetes, what are your recommendations on physical activity / exercise?",ChatGpt 4o,2,,4,2,2,"•Stay Hydrated: Dehydration can affect blood glucose, so drink water before, during, and after exercise."
42,4,"I have type 2 diabetes, what are your recommendations on physical activity / exercise?",ChatGpt 4o,2,,4,2,2,"•Foot Care: For those with diabetes, foot health is crucial."
42,4,"I have type 2 diabetes, what are your recommendations on physical activity / exercise?",ChatGpt 4o,2,,4,2,2,"Wear proper footwear, inspect your feet after exercise, and address any sores or blisters promptly."
42,4,"I have type 2 diabetes, what are your recommendations on physical activity / exercise?",ChatGpt 4o,2,,4,2,2,"•Avoid Extreme Conditions: In extreme temperatures, blood glucose levels can fluctuate."
42,4,"I have type 2 diabetes, what are your recommendations on physical activity / exercise?",ChatGpt 4o,2,,4,2,2,Choose indoor activities during extreme heat or cold to maintain safer exercise conditions.
42,4,"I have type 2 diabetes, what are your recommendations on physical activity / exercise?",ChatGpt 4o,2,,4,2,2,"An ideal exercise routine for managing type 2 diabetes should combine aerobic and strength exercises, reduce long sitting periods, and incorporate flexibility and balance."
42,4,"I have type 2 diabetes, what are your recommendations on physical activity / exercise?",ChatGpt 4o,2,,4,2,2,"Regular physical activity, done safely and consistently, can significantly improve blood glucose management and overall health."
54,5,"I have type 2 diabetes and was diagnosed with heart disease, what are your recommendations on diet?",ChatGpt 4o,2,,1,3,3,"For managing type 2 diabetes and heart disease, adopting a balanced, heart-healthy diet can significantly improve your health."
54,5,"I have type 2 diabetes and was diagnosed with heart disease, what are your recommendations on diet?",ChatGpt 4o,2,,1,3,3,Focus on High-Fiber Foods
54,5,"I have type 2 diabetes and was diagnosed with heart disease, what are your recommendations on diet?",ChatGpt 4o,2,,1,3,3,"•Whole Grains: Choose whole grains like oats, brown rice, barley, and quinoa instead of refined grains."
54,5,"I have type 2 diabetes and was diagnosed with heart disease, what are your recommendations on diet?",ChatGpt 4o,2,,1,3,3,"These are low on the glycemic index, helping to stabilize blood sugar levels."
54,5,"I have type 2 diabetes and was diagnosed with heart disease, what are your recommendations on diet?",ChatGpt 4o,2,,1,3,3,"•Legumes and Beans: High in fiber and protein, they help control blood sugar and cholesterol levels."
54,5,"I have type 2 diabetes and was diagnosed with heart disease, what are your recommendations on diet?",ChatGpt 4o,2,,1,3,3,"•Vegetables and Fruits: Aim for non-starchy vegetables like leafy greens, broccoli, bell peppers, and cucumbers."
54,5,"I have type 2 diabetes and was diagnosed with heart disease, what are your recommendations on diet?",ChatGpt 4o,2,,1,3,3,"Low-glycemic fruits, such as berries, apples, and oranges, provide vitamins and antioxidants."
54,5,"I have type 2 diabetes and was diagnosed with heart disease, what are your recommendations on diet?",ChatGpt 4o,2,,1,3,3,Opt for Healthy Fats
54,5,"I have type 2 diabetes and was diagnosed with heart disease, what are your recommendations on diet?",ChatGpt 4o,2,,1,3,3,"•Monounsaturated and Polyunsaturated Fats: Olive oil, avocados, nuts, and seeds are heart-healthy fats that can improve cholesterol levels."
54,5,"I have type 2 diabetes and was diagnosed with heart disease, what are your recommendations on diet?",ChatGpt 4o,2,,1,3,3,"•Omega-3 Fatty Acids: Found in fatty fish (salmon, mackerel, sardines), these fats are linked to improved heart health and reduced inflammation."
54,5,"I have type 2 diabetes and was diagnosed with heart disease, what are your recommendations on diet?",ChatGpt 4o,2,,1,3,3,Consider two servings per week or discuss omega-3 supplements with your healthcare provider.
54,5,"I have type 2 diabetes and was diagnosed with heart disease, what are your recommendations on diet?",ChatGpt 4o,2,,1,3,3,Limit Saturated and Trans Fats
54,5,"I have type 2 diabetes and was diagnosed with heart disease, what are your recommendations on diet?",ChatGpt 4o,2,,1,3,3,"•Avoid Processed Foods: Processed snacks, fast foods, and baked goods often contain trans fats and should be minimized."
54,5,"I have type 2 diabetes and was diagnosed with heart disease, what are your recommendations on diet?",ChatGpt 4o,2,,1,3,3,"•Choose Lean Proteins: Opt for lean meats, fish, tofu, and legumes."
54,5,"I have type 2 diabetes and was diagnosed with heart disease, what are your recommendations on diet?",ChatGpt 4o,2,,1,3,3,"Limit red and processed meats, which are higher in saturated fats and may worsen heart disease risk."
54,5,"I have type 2 diabetes and was diagnosed with heart disease, what are your recommendations on diet?",ChatGpt 4o,2,,1,3,3,•Carbohydrates have a direct effect on blood sugar levels.
54,5,"I have type 2 diabetes and was diagnosed with heart disease, what are your recommendations on diet?",ChatGpt 4o,2,,1,3,3,Spread carbohydrate intake evenly throughout the day to prevent blood sugar spikes.
54,5,"I have type 2 diabetes and was diagnosed with heart disease, what are your recommendations on diet?",ChatGpt 4o,2,,1,3,3,"•Work with a dietitian to determine the appropriate portion sizes and timing for meals, considering your activity level and medications."
54,5,"I have type 2 diabetes and was diagnosed with heart disease, what are your recommendations on diet?",ChatGpt 4o,2,,1,3,3,"•Reduce Processed and Packaged Foods: These often contain high levels of sodium, which can contribute to hypertension, a common concern with heart disease."
54,5,"I have type 2 diabetes and was diagnosed with heart disease, what are your recommendations on diet?",ChatGpt 4o,2,,1,3,3,"•Season with Herbs and Spices: Flavoring foods with herbs, garlic, and spices rather than salt can help you reduce sodium intake."
54,5,"I have type 2 diabetes and was diagnosed with heart disease, what are your recommendations on diet?",ChatGpt 4o,2,,1,3,3,"•Nuts, Seeds, and Legumes: These are good sources of protein, healthy fats, and fiber, making them beneficial for both blood sugar and heart health."
54,5,"I have type 2 diabetes and was diagnosed with heart disease, what are your recommendations on diet?",ChatGpt 4o,2,,1,3,3,Be Mindful of Added Sugars
54,5,"I have type 2 diabetes and was diagnosed with heart disease, what are your recommendations on diet?",ChatGpt 4o,2,,1,3,3,"•Limit sugary beverages, desserts, and other foods high in added sugars."
54,5,"I have type 2 diabetes and was diagnosed with heart disease, what are your recommendations on diet?",ChatGpt 4o,2,,1,3,3,Choose naturally sweetened options or low-sugar alternatives to prevent blood sugar spikes.
54,5,"I have type 2 diabetes and was diagnosed with heart disease, what are your recommendations on diet?",ChatGpt 4o,2,,1,3,3,•Alcohol can affect blood sugar levels and may interact with some diabetes medications.
54,5,"I have type 2 diabetes and was diagnosed with heart disease, what are your recommendations on diet?",ChatGpt 4o,2,,1,3,3,"Moderate your intake, aiming for no more than one drink per day if you drink at all, and consult with your healthcare provider for personalized guidance."
54,5,"I have type 2 diabetes and was diagnosed with heart disease, what are your recommendations on diet?",ChatGpt 4o,2,,1,3,3,"•Breakfast: Oatmeal with chia seeds, a handful of berries, and a sprinkle of nuts."
54,5,"I have type 2 diabetes and was diagnosed with heart disease, what are your recommendations on diet?",ChatGpt 4o,2,,1,3,3,"•Lunch: A salad with leafy greens, grilled chicken, avocado, quinoa, and a drizzle of olive oil and lemon."
54,5,"I have type 2 diabetes and was diagnosed with heart disease, what are your recommendations on diet?",ChatGpt 4o,2,,1,3,3,•Dinner: Baked salmon with steamed vegetables and a small portion of brown rice.
54,5,"I have type 2 diabetes and was diagnosed with heart disease, what are your recommendations on diet?",ChatGpt 4o,2,,1,3,3,"•Snacks: Raw almonds, a small apple, or vegetable sticks with hummus."
54,5,"I have type 2 diabetes and was diagnosed with heart disease, what are your recommendations on diet?",ChatGpt 4o,2,,1,3,3,•Stay Hydrated: Proper hydration supports blood sugar control and overall heart health.
54,5,"I have type 2 diabetes and was diagnosed with heart disease, what are your recommendations on diet?",ChatGpt 4o,2,,1,3,3,•Practice Portion Control: Use smaller plates and avoid second helpings to help manage calorie intake.
54,5,"I have type 2 diabetes and was diagnosed with heart disease, what are your recommendations on diet?",ChatGpt 4o,2,,1,3,3,•Regular Meal Times: Aim to eat meals at regular times each day to prevent blood sugar fluctuations.
54,5,"I have type 2 diabetes and was diagnosed with heart disease, what are your recommendations on diet?",ChatGpt 4o,2,,1,3,3,"These dietary adjustments can support both blood sugar and heart health, but it’s essential to work with a registered dietitian or healthcare provider for a tailored plan that considers your unique health profile, medications, and lifestyle."
66,6,"I have type 2 diabetes and was diagnosed with kidney disease, what are your recommendations on diet?",ChatGpt 4o,2,,1,3,4,"Managing type 2 diabetes alongside kidney disease requires a balanced, careful approach to diet that helps control blood sugar levels, limits strain on the kidneys, and prevents further complications."
66,6,"I have type 2 diabetes and was diagnosed with kidney disease, what are your recommendations on diet?",ChatGpt 4o,2,,1,3,4,"Here are some general dietary guidelines, though it’s always best to consult a healthcare provider or dietitian for personalized advice."
66,6,"I have type 2 diabetes and was diagnosed with kidney disease, what are your recommendations on diet?",ChatGpt 4o,2,,1,3,4,"•Focus on Low-Glycemic Carbs: Prioritize whole grains (such as barley, quinoa) and non-starchy vegetables (like broccoli, cauliflower, leafy greens) to maintain stable blood sugar."
66,6,"I have type 2 diabetes and was diagnosed with kidney disease, what are your recommendations on diet?",ChatGpt 4o,2,,1,3,4,"•Limit Sugary Foods: Avoid added sugars, processed foods, and sugary drinks."
66,6,"I have type 2 diabetes and was diagnosed with kidney disease, what are your recommendations on diet?",ChatGpt 4o,2,,1,3,4,"Opt for fresh fruits in moderate portions, favoring options like berries, apples, and pears which have a lower glycemic impact."
66,6,"I have type 2 diabetes and was diagnosed with kidney disease, what are your recommendations on diet?",ChatGpt 4o,2,,1,3,4,"•Choose High-Quality, Lean Proteins: Options like poultry, fish, and plant-based sources (such as tofu and legumes) are generally easier on the kidneys."
66,6,"I have type 2 diabetes and was diagnosed with kidney disease, what are your recommendations on diet?",ChatGpt 4o,2,,1,3,4,"•Limit Protein if Advised: Since kidney disease can make it harder to process protein waste, follow any restrictions your doctor recommends on daily protein intake."
66,6,"I have type 2 diabetes and was diagnosed with kidney disease, what are your recommendations on diet?",ChatGpt 4o,2,,1,3,4,•Reduce Processed and Packaged Foods: Packaged foods often contain high levels of sodium.
66,6,"I have type 2 diabetes and was diagnosed with kidney disease, what are your recommendations on diet?",ChatGpt 4o,2,,1,3,4,"Avoid canned soups, frozen meals, and salty snacks."
66,6,"I have type 2 diabetes and was diagnosed with kidney disease, what are your recommendations on diet?",ChatGpt 4o,2,,1,3,4,"•Cook at Home with Fresh Ingredients: Prepare meals with herbs, spices, and sodium-free seasonings instead of salt."
66,6,"I have type 2 diabetes and was diagnosed with kidney disease, what are your recommendations on diet?",ChatGpt 4o,2,,1,3,4,Watch Potassium and Phosphorus Levels
66,6,"I have type 2 diabetes and was diagnosed with kidney disease, what are your recommendations on diet?",ChatGpt 4o,2,,1,3,4,•Choose Lower-Potassium Foods if Advised: Potassium may need to be restricted with advanced kidney disease.
66,6,"I have type 2 diabetes and was diagnosed with kidney disease, what are your recommendations on diet?",ChatGpt 4o,2,,1,3,4,"Limit high-potassium foods like bananas, oranges, potatoes, and tomatoes, opting instead for apples, berries, and green beans."
66,6,"I have type 2 diabetes and was diagnosed with kidney disease, what are your recommendations on diet?",ChatGpt 4o,2,,1,3,4,"•Monitor Phosphorus in Dairy and Processed Foods: Many processed foods have added phosphorus, which can strain the kidneys."
66,6,"I have type 2 diabetes and was diagnosed with kidney disease, what are your recommendations on diet?",ChatGpt 4o,2,,1,3,4,"Be cautious with dairy, nuts, seeds, and certain meats if your healthcare provider has advised restrictions."
66,6,"I have type 2 diabetes and was diagnosed with kidney disease, what are your recommendations on diet?",ChatGpt 4o,2,,1,3,4,Stay Hydrated with Caution
66,6,"I have type 2 diabetes and was diagnosed with kidney disease, what are your recommendations on diet?",ChatGpt 4o,2,,1,3,4,"•Balance Fluid Intake: While hydration is important, kidney disease may require managing fluid intake to avoid overloading the kidneys."
66,6,"I have type 2 diabetes and was diagnosed with kidney disease, what are your recommendations on diet?",ChatGpt 4o,2,,1,3,4,Follow your doctor’s recommendations on fluid amounts.
66,6,"I have type 2 diabetes and was diagnosed with kidney disease, what are your recommendations on diet?",ChatGpt 4o,2,,1,3,4,Maintain Fiber for Blood Sugar and Heart Health
66,6,"I have type 2 diabetes and was diagnosed with kidney disease, what are your recommendations on diet?",ChatGpt 4o,2,,1,3,4,•Include High-Fiber Foods: Fiber helps manage blood sugar and supports heart health.
66,6,"I have type 2 diabetes and was diagnosed with kidney disease, what are your recommendations on diet?",ChatGpt 4o,2,,1,3,4,"Prioritize fiber-rich options like vegetables, oats, and limited portions of whole grains as advised for your condition."
66,6,"I have type 2 diabetes and was diagnosed with kidney disease, what are your recommendations on diet?",ChatGpt 4o,2,,1,3,4,"•50% Non-Starchy Vegetables: Spinach, bell peppers, carrots, green beans."
66,6,"I have type 2 diabetes and was diagnosed with kidney disease, what are your recommendations on diet?",ChatGpt 4o,2,,1,3,4,"•25% Lean Protein: Grilled chicken, fish, or a small portion of beans if your potassium levels allow."
66,6,"I have type 2 diabetes and was diagnosed with kidney disease, what are your recommendations on diet?",ChatGpt 4o,2,,1,3,4,"•25% Whole Grains or Low-Glycemic Carbs: Quinoa, barley, or sweet potatoes in small amounts."
66,6,"I have type 2 diabetes and was diagnosed with kidney disease, what are your recommendations on diet?",ChatGpt 4o,2,,1,3,4,This diet plan can help balance your blood sugar while being mindful of kidney health.
66,6,"I have type 2 diabetes and was diagnosed with kidney disease, what are your recommendations on diet?",ChatGpt 4o,2,,1,3,4,"Always check with your healthcare team before making significant dietary changes, as they can provide guidance tailored to your specific health status and needs."
78,7,"I have type 2 diabetes and developed vision problems, what are your recommendations on diet?",ChatGpt 4o,2,,1,3,5,Managing type 2 diabetes alongside vision issues requires a carefully structured diet to maintain blood sugar levels and support eye health.
78,7,"I have type 2 diabetes and developed vision problems, what are your recommendations on diet?",ChatGpt 4o,2,,1,3,5,Focus on Low Glycemic Index (GI) Foods
78,7,"I have type 2 diabetes and developed vision problems, what are your recommendations on diet?",ChatGpt 4o,2,,1,3,5,"•Low GI carbohydrates: Choose whole grains like oats, quinoa, barley, and brown rice."
78,7,"I have type 2 diabetes and developed vision problems, what are your recommendations on diet?",ChatGpt 4o,2,,1,3,5,These foods help to regulate blood glucose by releasing energy slowly.
78,7,"I have type 2 diabetes and developed vision problems, what are your recommendations on diet?",ChatGpt 4o,2,,1,3,5,"•Legumes: Beans, lentils, and chickpeas are great sources of fiber and protein with a low GI, helping to stabilize blood sugar levels."
78,7,"I have type 2 diabetes and developed vision problems, what are your recommendations on diet?",ChatGpt 4o,2,,1,3,5,"•Non-starchy vegetables: Leafy greens, tomatoes, cucumbers, and bell peppers are low in carbs but packed with nutrients."
78,7,"I have type 2 diabetes and developed vision problems, what are your recommendations on diet?",ChatGpt 4o,2,,1,3,5,•Aim for 25-30 grams of fiber daily to help control blood sugar and improve digestion.
78,7,"I have type 2 diabetes and developed vision problems, what are your recommendations on diet?",ChatGpt 4o,2,,1,3,5,"•Soluble fiber, found in foods like chia seeds, flaxseeds, oats, apples, and carrots, can slow glucose absorption and benefit cholesterol levels."
78,7,"I have type 2 diabetes and developed vision problems, what are your recommendations on diet?",ChatGpt 4o,2,,1,3,5,Incorporate Omega-3 Fatty Acids
78,7,"I have type 2 diabetes and developed vision problems, what are your recommendations on diet?",ChatGpt 4o,2,,1,3,5,"•Omega-3s are anti-inflammatory and may benefit eye health, especially if you have diabetic retinopathy."
78,7,"I have type 2 diabetes and developed vision problems, what are your recommendations on diet?",ChatGpt 4o,2,,1,3,5,"•Add fatty fish (salmon, mackerel, sardines), walnuts, chia seeds, and flaxseeds to your diet, aiming for at least two servings of fatty fish per week."
78,7,"I have type 2 diabetes and developed vision problems, what are your recommendations on diet?",ChatGpt 4o,2,,1,3,5,Limit Saturated and Trans Fats
78,7,"I have type 2 diabetes and developed vision problems, what are your recommendations on diet?",ChatGpt 4o,2,,1,3,5,"•Choose healthier fats like olive oil, avocado, and nuts while avoiding processed foods high in trans fats, which can contribute to inflammation and worsen diabetes complications."
78,7,"I have type 2 diabetes and developed vision problems, what are your recommendations on diet?",ChatGpt 4o,2,,1,3,5,"•Lean protein sources, such as poultry, tofu, and legumes, can also support heart and overall health without increasing saturated fat intake."
78,7,"I have type 2 diabetes and developed vision problems, what are your recommendations on diet?",ChatGpt 4o,2,,1,3,5,Increase Antioxidant Intake for Eye Health
78,7,"I have type 2 diabetes and developed vision problems, what are your recommendations on diet?",ChatGpt 4o,2,,1,3,5,"•Antioxidants like vitamins C, E, and A, and minerals like zinc and selenium play a role in eye health."
78,7,"I have type 2 diabetes and developed vision problems, what are your recommendations on diet?",ChatGpt 4o,2,,1,3,5,"•Include foods rich in these nutrients, such as leafy greens (spinach, kale), citrus fruits, nuts (almonds, walnuts), and carrots."
78,7,"I have type 2 diabetes and developed vision problems, what are your recommendations on diet?",ChatGpt 4o,2,,1,3,5,"•Lutein and zeaxanthin (found in kale, spinach, broccoli, and eggs) are specific antioxidants known for supporting retinal health and may protect against vision loss."
78,7,"I have type 2 diabetes and developed vision problems, what are your recommendations on diet?",ChatGpt 4o,2,,1,3,5,"•Proper hydration helps to reduce blood sugar levels and prevent dry eyes, which is common among people with diabetes."
78,7,"I have type 2 diabetes and developed vision problems, what are your recommendations on diet?",ChatGpt 4o,2,,1,3,5,"•Aim for at least 8 glasses of water daily, adjusting as needed based on activity levels and overall health."
78,7,"I have type 2 diabetes and developed vision problems, what are your recommendations on diet?",ChatGpt 4o,2,,1,3,5,Limit Sugar and Refined Carbohydrates
78,7,"I have type 2 diabetes and developed vision problems, what are your recommendations on diet?",ChatGpt 4o,2,,1,3,5,"•Avoid sugary drinks, desserts, white bread, and processed snacks."
78,7,"I have type 2 diabetes and developed vision problems, what are your recommendations on diet?",ChatGpt 4o,2,,1,3,5,These foods can cause rapid spikes in blood glucose and provide minimal nutritional benefit.
78,7,"I have type 2 diabetes and developed vision problems, what are your recommendations on diet?",ChatGpt 4o,2,,1,3,5,•Opt for natural sweeteners like berries or small amounts of stevia if needed.
78,7,"I have type 2 diabetes and developed vision problems, what are your recommendations on diet?",ChatGpt 4o,2,,1,3,5,"•Magnesium is essential for blood glucose control, and low levels may exacerbate eye problems in diabetes."
78,7,"I have type 2 diabetes and developed vision problems, what are your recommendations on diet?",ChatGpt 4o,2,,1,3,5,"•Include dark leafy greens, nuts, seeds, and whole grains as part of your daily diet."
78,7,"I have type 2 diabetes and developed vision problems, what are your recommendations on diet?",ChatGpt 4o,2,,1,3,5,Sample Meal Plan Outline
78,7,"I have type 2 diabetes and developed vision problems, what are your recommendations on diet?",ChatGpt 4o,2,,1,3,5,"•Breakfast: Oatmeal topped with chia seeds, walnuts, and berries."
78,7,"I have type 2 diabetes and developed vision problems, what are your recommendations on diet?",ChatGpt 4o,2,,1,3,5,"•Lunch: Quinoa salad with leafy greens, chickpeas, avocado, and a drizzle of olive oil."
78,7,"I have type 2 diabetes and developed vision problems, what are your recommendations on diet?",ChatGpt 4o,2,,1,3,5,•Dinner: Grilled salmon with a side of steamed spinach and roasted sweet potatoes.
78,7,"I have type 2 diabetes and developed vision problems, what are your recommendations on diet?",ChatGpt 4o,2,,1,3,5,•Snacks: Carrot sticks with hummus or a handful of almonds.
78,7,"I have type 2 diabetes and developed vision problems, what are your recommendations on diet?",ChatGpt 4o,2,,1,3,5,"In combination with a well-structured diet, regular checkups with both your healthcare provider and ophthalmologist are essential for managing diabetes and preserving eye health."
90,8,"I have type 2 diabetes and was diagnosed with heart disease, what are your recommendations on physical activity/exercise?",ChatGpt 4o,2,,4,3,3,"For managing type 2 diabetes and heart disease, engaging in regular physical activity is highly beneficial."
90,8,"I have type 2 diabetes and was diagnosed with heart disease, what are your recommendations on physical activity/exercise?",ChatGpt 4o,2,,4,3,3,"Exercise can improve blood sugar control, boost cardiovascular health, enhance overall fitness, and support weight management."
90,8,"I have type 2 diabetes and was diagnosed with heart disease, what are your recommendations on physical activity/exercise?",ChatGpt 4o,2,,4,3,3,Consult Your Healthcare Provider
90,8,"I have type 2 diabetes and was diagnosed with heart disease, what are your recommendations on physical activity/exercise?",ChatGpt 4o,2,,4,3,3,"Before starting any new exercise regimen, speak with your healthcare provider."
90,8,"I have type 2 diabetes and was diagnosed with heart disease, what are your recommendations on physical activity/exercise?",ChatGpt 4o,2,,4,3,3,They can help you tailor a program that aligns with your health status and any medications you’re on.
90,8,"I have type 2 diabetes and was diagnosed with heart disease, what are your recommendations on physical activity/exercise?",ChatGpt 4o,2,,4,3,3,"•Aim for at least 150 minutes of moderate-intensity aerobic exercise per week (e.g., brisk walking, cycling, swimming)."
90,8,"I have type 2 diabetes and was diagnosed with heart disease, what are your recommendations on physical activity/exercise?",ChatGpt 4o,2,,4,3,3,"•Spread these sessions across the week, ideally in 30-minute sessions, five times a week."
90,8,"I have type 2 diabetes and was diagnosed with heart disease, what are your recommendations on physical activity/exercise?",ChatGpt 4o,2,,4,3,3,Start with shorter durations if you’re new to exercise and gradually build up.
90,8,"I have type 2 diabetes and was diagnosed with heart disease, what are your recommendations on physical activity/exercise?",ChatGpt 4o,2,,4,3,3,•Choose low-impact activities to reduce strain on the heart and joints.
90,8,"I have type 2 diabetes and was diagnosed with heart disease, what are your recommendations on physical activity/exercise?",ChatGpt 4o,2,,4,3,3,•Include two sessions of strength training per week.
90,8,"I have type 2 diabetes and was diagnosed with heart disease, what are your recommendations on physical activity/exercise?",ChatGpt 4o,2,,4,3,3,"Resistance exercises (using body weight, resistance bands, or light weights) help improve muscle strength, which can improve insulin sensitivity."
90,8,"I have type 2 diabetes and was diagnosed with heart disease, what are your recommendations on physical activity/exercise?",ChatGpt 4o,2,,4,3,3,"•Start with lighter weights and focus on controlled movements, gradually increasing resistance over time."
90,8,"I have type 2 diabetes and was diagnosed with heart disease, what are your recommendations on physical activity/exercise?",ChatGpt 4o,2,,4,3,3,Flexibility and Balance Exercises
90,8,"I have type 2 diabetes and was diagnosed with heart disease, what are your recommendations on physical activity/exercise?",ChatGpt 4o,2,,4,3,3,"•Stretching, yoga, or tai chi can help improve flexibility and balance."
90,8,"I have type 2 diabetes and was diagnosed with heart disease, what are your recommendations on physical activity/exercise?",ChatGpt 4o,2,,4,3,3,These exercises are particularly beneficial if you’ve been less active or have balance concerns.
90,8,"I have type 2 diabetes and was diagnosed with heart disease, what are your recommendations on physical activity/exercise?",ChatGpt 4o,2,,4,3,3,•Aim to incorporate flexibility exercises several times a week to reduce stiffness and improve mobility.
90,8,"I have type 2 diabetes and was diagnosed with heart disease, what are your recommendations on physical activity/exercise?",ChatGpt 4o,2,,4,3,3,"Shorter, More Frequent Sessions"
90,8,"I have type 2 diabetes and was diagnosed with heart disease, what are your recommendations on physical activity/exercise?",ChatGpt 4o,2,,4,3,3,"If prolonged exercise feels challenging, break your activity into shorter, manageable intervals (e.g., 10-15 minutes) throughout the day."
90,8,"I have type 2 diabetes and was diagnosed with heart disease, what are your recommendations on physical activity/exercise?",ChatGpt 4o,2,,4,3,3,Monitor Your Blood Sugar Levels
90,8,"I have type 2 diabetes and was diagnosed with heart disease, what are your recommendations on physical activity/exercise?",ChatGpt 4o,2,,4,3,3,"•Check your blood sugar levels before and after exercising, particularly if you’re on insulin or medications that can cause hypoglycemia."
90,8,"I have type 2 diabetes and was diagnosed with heart disease, what are your recommendations on physical activity/exercise?",ChatGpt 4o,2,,4,3,3,•Always keep a small snack handy in case your blood sugar drops during exercise.
90,8,"I have type 2 diabetes and was diagnosed with heart disease, what are your recommendations on physical activity/exercise?",ChatGpt 4o,2,,4,3,3,Warm-Up and Cool Down
90,8,"I have type 2 diabetes and was diagnosed with heart disease, what are your recommendations on physical activity/exercise?",ChatGpt 4o,2,,4,3,3,•Start each session with a warm-up (5-10 minutes of light movement) and end with a cool-down to ease your heart rate back to normal.
90,8,"I have type 2 diabetes and was diagnosed with heart disease, what are your recommendations on physical activity/exercise?",ChatGpt 4o,2,,4,3,3,"This is especially important if you have heart disease, as it helps prevent sudden blood pressure or heart rate changes."
90,8,"I have type 2 diabetes and was diagnosed with heart disease, what are your recommendations on physical activity/exercise?",ChatGpt 4o,2,,4,3,3,Watch for Warning Signs
90,8,"I have type 2 diabetes and was diagnosed with heart disease, what are your recommendations on physical activity/exercise?",ChatGpt 4o,2,,4,3,3,"Stop exercise immediately if you feel chest pain, dizziness, shortness of breath, or any other unusual symptoms, and consult your healthcare provider if these persist."
90,8,"I have type 2 diabetes and was diagnosed with heart disease, what are your recommendations on physical activity/exercise?",ChatGpt 4o,2,,4,3,3,•Consistency is key for the benefits to build up over time.
90,8,"I have type 2 diabetes and was diagnosed with heart disease, what are your recommendations on physical activity/exercise?",ChatGpt 4o,2,,4,3,3,"Set achievable goals to stay motivated, such as walking with a friend or tracking your progress."
90,8,"I have type 2 diabetes and was diagnosed with heart disease, what are your recommendations on physical activity/exercise?",ChatGpt 4o,2,,4,3,3,"These exercise tips can help you manage both conditions, improving quality of life and health outcomes."
102,9,"I have type 2 diabetes and was diagnosed with kidney disease, what are your recommendations on physical activity/exercise?",ChatGpt 4o,2,,4,3,4,"For managing type 2 diabetes and kidney disease, physical activity can offer substantial benefits, but it’s essential to approach exercise with care to avoid overexertion or causing strain on the kidneys."
102,9,"I have type 2 diabetes and was diagnosed with kidney disease, what are your recommendations on physical activity/exercise?",ChatGpt 4o,2,,4,3,4,Choose Low-Impact Aerobic Activities
102,9,"I have type 2 diabetes and was diagnosed with kidney disease, what are your recommendations on physical activity/exercise?",ChatGpt 4o,2,,4,3,4,"•Walking: Gentle, consistent walking is excellent for cardiovascular health, and it’s easy to adapt the pace and duration to your comfort level."
102,9,"I have type 2 diabetes and was diagnosed with kidney disease, what are your recommendations on physical activity/exercise?",ChatGpt 4o,2,,4,3,4,•Swimming: This is a joint-friendly option that supports cardiovascular health without putting pressure on your kidneys.
102,9,"I have type 2 diabetes and was diagnosed with kidney disease, what are your recommendations on physical activity/exercise?",ChatGpt 4o,2,,4,3,4,"•Cycling (stationary or outdoor): Cycling provides a steady cardiovascular workout, which is helpful for glucose management and heart health."
102,9,"I have type 2 diabetes and was diagnosed with kidney disease, what are your recommendations on physical activity/exercise?",ChatGpt 4o,2,,4,3,4,Focus on Moderate Intensity
102,9,"I have type 2 diabetes and was diagnosed with kidney disease, what are your recommendations on physical activity/exercise?",ChatGpt 4o,2,,4,3,4,•Aim for moderate intensity rather than vigorous activity.
102,9,"I have type 2 diabetes and was diagnosed with kidney disease, what are your recommendations on physical activity/exercise?",ChatGpt 4o,2,,4,3,4,Moderate-intensity exercises help with blood glucose control without putting excessive strain on the kidneys.
102,9,"I have type 2 diabetes and was diagnosed with kidney disease, what are your recommendations on physical activity/exercise?",ChatGpt 4o,2,,4,3,4,"•The goal is around 30 minutes, 5 days a week (or a total of 150 minutes weekly), but start with shorter sessions if needed and build gradually."
102,9,"I have type 2 diabetes and was diagnosed with kidney disease, what are your recommendations on physical activity/exercise?",ChatGpt 4o,2,,4,3,4,Incorporate Strength Training with Caution
102,9,"I have type 2 diabetes and was diagnosed with kidney disease, what are your recommendations on physical activity/exercise?",ChatGpt 4o,2,,4,3,4,"•Light resistance training: Exercises using resistance bands, light weights, or body weight can help improve muscle strength and insulin sensitivity."
102,9,"I have type 2 diabetes and was diagnosed with kidney disease, what are your recommendations on physical activity/exercise?",ChatGpt 4o,2,,4,3,4,"•Avoid heavy lifting: Intense resistance exercises might put added stress on the kidneys, so stick to low to moderate weights with higher repetitions."
102,9,"I have type 2 diabetes and was diagnosed with kidney disease, what are your recommendations on physical activity/exercise?",ChatGpt 4o,2,,4,3,4,"•Aim for 2-3 days per week of strength training, ensuring at least one rest day in between sessions."
102,9,"I have type 2 diabetes and was diagnosed with kidney disease, what are your recommendations on physical activity/exercise?",ChatGpt 4o,2,,4,3,4,Stretching and Flexibility Workouts
102,9,"I have type 2 diabetes and was diagnosed with kidney disease, what are your recommendations on physical activity/exercise?",ChatGpt 4o,2,,4,3,4,"•Include gentle stretching or flexibility exercises, like yoga or tai chi, which can improve circulation and reduce stress."
102,9,"I have type 2 diabetes and was diagnosed with kidney disease, what are your recommendations on physical activity/exercise?",ChatGpt 4o,2,,4,3,4,They also help with mobility and relaxation without taxing the kidneys.
102,9,"I have type 2 diabetes and was diagnosed with kidney disease, what are your recommendations on physical activity/exercise?",ChatGpt 4o,2,,4,3,4,Monitor Your Blood Glucose Levels
102,9,"I have type 2 diabetes and was diagnosed with kidney disease, what are your recommendations on physical activity/exercise?",ChatGpt 4o,2,,4,3,4,•Keep track of your blood glucose before and after exercise.
102,9,"I have type 2 diabetes and was diagnosed with kidney disease, what are your recommendations on physical activity/exercise?",ChatGpt 4o,2,,4,3,4,"Physical activity can affect blood sugar levels, so ensure you have a snack on hand if needed."
102,9,"I have type 2 diabetes and was diagnosed with kidney disease, what are your recommendations on physical activity/exercise?",ChatGpt 4o,2,,4,3,4,"•Always stay hydrated with water, as dehydration can impact both blood sugar control and kidney health."
102,9,"I have type 2 diabetes and was diagnosed with kidney disease, what are your recommendations on physical activity/exercise?",ChatGpt 4o,2,,4,3,4,Listen to Your Body
102,9,"I have type 2 diabetes and was diagnosed with kidney disease, what are your recommendations on physical activity/exercise?",ChatGpt 4o,2,,4,3,4,"•Symptoms like dizziness, nausea, unusual shortness of breath, or pain should be signs to stop immediately."
102,9,"I have type 2 diabetes and was diagnosed with kidney disease, what are your recommendations on physical activity/exercise?",ChatGpt 4o,2,,4,3,4,"If you experience swelling in your legs or feet, consult your healthcare provider, as it could be related to kidney function."
102,9,"I have type 2 diabetes and was diagnosed with kidney disease, what are your recommendations on physical activity/exercise?",ChatGpt 4o,2,,4,3,4,Work Closely with Your Healthcare Team
102,9,"I have type 2 diabetes and was diagnosed with kidney disease, what are your recommendations on physical activity/exercise?",ChatGpt 4o,2,,4,3,4,•Consult your healthcare provider to create an individualized exercise plan.
102,9,"I have type 2 diabetes and was diagnosed with kidney disease, what are your recommendations on physical activity/exercise?",ChatGpt 4o,2,,4,3,4,They may adjust the intensity or frequency of your workouts based on your kidney function and blood sugar levels.
102,9,"I have type 2 diabetes and was diagnosed with kidney disease, what are your recommendations on physical activity/exercise?",ChatGpt 4o,2,,4,3,4,•Your doctor may also want to monitor blood tests (like kidney function markers and electrolytes) regularly to ensure your exercise routine is safe and beneficial.
102,9,"I have type 2 diabetes and was diagnosed with kidney disease, what are your recommendations on physical activity/exercise?",ChatGpt 4o,2,,4,3,4,"Staying active with type 2 diabetes and kidney disease is highly beneficial, but a tailored approach will help you get the most out of it without undue risk."
114,10,"I have type 2 diabetes and developed vision problems, what are your recommendations on physical activity/exercise?",ChatGpt 4o,2,,4,3,5,"For someone managing type 2 diabetes and dealing with vision issues, maintaining physical activity is essential but requires careful adjustments to ensure safety and effectiveness."
114,10,"I have type 2 diabetes and developed vision problems, what are your recommendations on physical activity/exercise?",ChatGpt 4o,2,,4,3,5,Prioritize Low-Impact and Safe Activities
114,10,"I have type 2 diabetes and developed vision problems, what are your recommendations on physical activity/exercise?",ChatGpt 4o,2,,4,3,5,•Walking: Walking at a moderate pace can improve cardiovascular health and blood glucose control without placing strain on your body.
114,10,"I have type 2 diabetes and developed vision problems, what are your recommendations on physical activity/exercise?",ChatGpt 4o,2,,4,3,5,•Stationary Cycling: This is a low-impact exercise that allows for controlled movement and is safe for people with vision issues.
114,10,"I have type 2 diabetes and developed vision problems, what are your recommendations on physical activity/exercise?",ChatGpt 4o,2,,4,3,5,"•Swimming or Water Aerobics: Water reduces joint strain, and pool environments are generally stable, which can help mitigate vision-related challenges."
114,10,"I have type 2 diabetes and developed vision problems, what are your recommendations on physical activity/exercise?",ChatGpt 4o,2,,4,3,5,Balance Training and Coordination Exercises
114,10,"I have type 2 diabetes and developed vision problems, what are your recommendations on physical activity/exercise?",ChatGpt 4o,2,,4,3,5,"•For those with visual impairments, balance exercises can improve stability and prevent falls."
114,10,"I have type 2 diabetes and developed vision problems, what are your recommendations on physical activity/exercise?",ChatGpt 4o,2,,4,3,5,"Try simple exercises, like standing on one leg (holding onto a stable surface if needed) or using a balance board."
114,10,"I have type 2 diabetes and developed vision problems, what are your recommendations on physical activity/exercise?",ChatGpt 4o,2,,4,3,5,"•Yoga or Tai Chi: These focus on balance, coordination, and gentle movements, which can help improve flexibility and reduce stress."
114,10,"I have type 2 diabetes and developed vision problems, what are your recommendations on physical activity/exercise?",ChatGpt 4o,2,,4,3,5,Strength Training for Blood Glucose Control and Stability
114,10,"I have type 2 diabetes and developed vision problems, what are your recommendations on physical activity/exercise?",ChatGpt 4o,2,,4,3,5,"•Strength training improves muscle mass, which can enhance insulin sensitivity and glucose uptake."
114,10,"I have type 2 diabetes and developed vision problems, what are your recommendations on physical activity/exercise?",ChatGpt 4o,2,,4,3,5,"Opt for resistance bands or light dumbbells at home or in a gym, focusing on major muscle groups."
114,10,"I have type 2 diabetes and developed vision problems, what are your recommendations on physical activity/exercise?",ChatGpt 4o,2,,4,3,5,"•Machines, like leg presses or seated row machines, may be safer than free weights if vision problems make it difficult to use weights independently."
114,10,"I have type 2 diabetes and developed vision problems, what are your recommendations on physical activity/exercise?",ChatGpt 4o,2,,4,3,5,Increase Frequency and Consistency Rather than Intensity
114,10,"I have type 2 diabetes and developed vision problems, what are your recommendations on physical activity/exercise?",ChatGpt 4o,2,,4,3,5,"•Aim for about 150 minutes of moderate aerobic activity per week, divided over several days (e.g., 30 minutes, five days a week)."
114,10,"I have type 2 diabetes and developed vision problems, what are your recommendations on physical activity/exercise?",ChatGpt 4o,2,,4,3,5,"This consistency is more important than high-intensity exercises, especially when balancing safety concerns with vision limitations."
114,10,"I have type 2 diabetes and developed vision problems, what are your recommendations on physical activity/exercise?",ChatGpt 4o,2,,4,3,5,Involve a Partner or Use a Guide if Needed
114,10,"I have type 2 diabetes and developed vision problems, what are your recommendations on physical activity/exercise?",ChatGpt 4o,2,,4,3,5,"•If your vision challenges are significant, working out with a friend or family member can add a layer of safety."
114,10,"I have type 2 diabetes and developed vision problems, what are your recommendations on physical activity/exercise?",ChatGpt 4o,2,,4,3,5,Many facilities also have trained staff who can assist if needed.
114,10,"I have type 2 diabetes and developed vision problems, what are your recommendations on physical activity/exercise?",ChatGpt 4o,2,,4,3,5,Monitor Blood Sugar Levels Regularly
114,10,"I have type 2 diabetes and developed vision problems, what are your recommendations on physical activity/exercise?",ChatGpt 4o,2,,4,3,5,"•Exercise impacts blood glucose, so check levels before and after activity to understand your body’s response, especially when introducing new routines."
114,10,"I have type 2 diabetes and developed vision problems, what are your recommendations on physical activity/exercise?",ChatGpt 4o,2,,4,3,5,Gradual Progression and Medical Consultation
114,10,"I have type 2 diabetes and developed vision problems, what are your recommendations on physical activity/exercise?",ChatGpt 4o,2,,4,3,5,"•Start slowly, and avoid sudden increases in intensity to reduce injury risk."
114,10,"I have type 2 diabetes and developed vision problems, what are your recommendations on physical activity/exercise?",ChatGpt 4o,2,,4,3,5,"Since vision problems can affect balance and coordination, discuss your plans with your healthcare provider to ensure you’re following a routine that’s safe for your specific situation."
114,10,"I have type 2 diabetes and developed vision problems, what are your recommendations on physical activity/exercise?",ChatGpt 4o,2,,4,3,5,"Overall Goal: Focus on safe, moderate activities that improve blood glucose control, cardiovascular health, and physical stability without compromising safety due to vision challenges."
